Package	Version	Built	License
abind	1.4-5	4.0.1	LGPL (>= 2)
AnnotationDbi	1.64.1	4.3.2	Artistic-2.0
askpass	1.2.0	4.3.1	MIT + file LICENSE
backports	1.4.1	4.1.2	GPL-2 | GPL-3
base	4.3.3	4.3.3	Part of R 4.3.3
base64enc	0.1-3	4.0.2	GPL-2 | GPL-3
BH	1.84.0	4.3.2	GPL (>= 2)
Biobase	2.62.0	4.3.2	Artistic-2.0
BiocGenerics	0.48.1	4.3.2	Artistic-2.0
BiocParallel	1.36.0	4.3.2	GPL-2 | GPL-3
Biostrings	2.70.2	4.3.2	Artistic-2.0
bit	4.0.5	4.2.2	GPL-2 | GPL-3
bit64	4.0.5	4.0.2	GPL-2 | GPL-3
bitops	1.0-7	4.1.1	GPL (>= 2)
blob	1.2.4	4.3.0	MIT + file LICENSE
broom	1.0.5	4.3.0	MIT + file LICENSE
bslib	0.6.1	4.3.2	MIT + file LICENSE
cachem	1.0.8	4.3.0	MIT + file LICENSE
callr	3.7.5	4.3.3	MIT + file LICENSE
caTools	1.18.2	4.1.1	GPL-3
cellranger	1.1.0	4.0.1	MIT + file LICENSE
circlize	0.4.15	4.2.0	MIT + file LICENSE
cli	3.6.2	4.3.2	MIT + file LICENSE
clipr	0.8.0	4.1.2	GPL-3
clue	0.3-65	4.3.1	GPL-2
cluster	2.1.6	4.3.3	GPL (>= 2)
codetools	0.2-19	4.2.2	GPL
colorspace	2.1-0	4.2.2	BSD_3_clause + file LICENSE
colourpicker	1.3.0	4.3.1	MIT + file LICENSE
commonmark	1.9.1	4.3.2	BSD_2_clause + file LICENSE
compiler	4.3.3	4.3.3	Part of R 4.3.3
ComplexHeatmap	2.18.0	4.3.2	MIT + file LICENSE
conflicted	1.2.0	4.3.1	MIT + file LICENSE
cowplot	1.1.3	4.3.2	GPL-2
cpp11	0.4.7	4.3.2	MIT + file LICENSE
crayon	1.5.2	4.2.2	MIT + file LICENSE
crosstalk	1.2.1	4.3.2	MIT + file LICENSE
curl	5.2.0	4.3.3	MIT + file LICENSE
data.table	1.14.10	4.3.2	MPL-2.0 | file LICENSE
datasets	4.3.3	4.3.3	Part of R 4.3.3
DBI	1.2.2	4.3.2	LGPL (>= 2.1)
dbplyr	2.4.0	4.3.2	MIT + file LICENSE
deldir	2.0-4	4.3.3	GPL (>= 2)
digest	0.6.34	4.3.2	GPL (>= 2)
doParallel	1.0.17	4.1.2	GPL-2
dotCall64	1.1-1	4.3.2	GPL (>= 2)
dplyr	1.1.4	4.3.2	MIT + file LICENSE
dqrng	0.3.2	4.3.2	AGPL-3 | file LICENSE
dtplyr	1.3.1	4.3.0	MIT + file LICENSE
ellipsis	0.3.2	4.1.1	MIT + file LICENSE
evaluate	0.23	4.3.2	MIT + file LICENSE
fansi	1.0.5	4.3.2	GPL-2 | GPL-3
farver	2.1.1	4.2.1	MIT + file LICENSE
fastDummies	1.7.3	4.3.2	MIT + file LICENSE
fastmap	1.1.1	4.2.2	MIT + file LICENSE
fastmatch	1.1-4	4.3.1	GPL-2
fgsea	1.32.2	4.3.3	MIT + file LICENCE
fitdistrplus	1.1-11	4.3.0	GPL (>= 2)
FNN	1.1.4	4.3.2	GPL (>= 2)
fontawesome	0.5.2	4.3.1	MIT + file LICENSE
forcats	1.0.0	4.2.2	MIT + file LICENSE
foreach	1.5.2	4.1.2	Apache License (== 2.0)
formatR	1.14	4.2.2	GPL
fs	1.6.3	4.3.3	MIT + file LICENSE
futile.logger	1.4.3	4.0.1	LGPL-3
futile.options	1.0.1	4.0.1	LGPL-3
future	1.33.1	4.3.2	LGPL (>= 2.1)
future.apply	1.11.1	4.3.2	GPL (>= 2)
gargle	1.5.2	4.3.1	MIT + file LICENSE
gdata	3.0.0	4.3.1	GPL-2
generics	0.1.3	4.2.1	MIT + file LICENSE
GenomeInfoDb	1.38.6	4.3.2	Artistic-2.0
GenomeInfoDbData	1.2.11	4.3.2	Artistic-2.0
GetoptLong	1.0.5	4.0.3	MIT + file LICENSE
ggplot2	3.4.4	4.3.1	MIT + file LICENSE
ggrepel	0.9.5	4.3.2	GPL-3 | file LICENSE
ggridges	0.5.6	4.3.2	GPL-2 | file LICENSE
GlobalOptions	0.1.2	4.0.2	MIT + file LICENSE
globals	0.16.2	4.2.2	LGPL (>= 2.1)
glue	1.7.0	4.3.2	MIT + file LICENSE
GO.db	3.18.0	4.3.2	Artistic-2.0
goftest	1.2-3	4.1.1	GPL (>= 2)
googledrive	2.1.1	4.3.1	MIT + file LICENSE
googlesheets4	1.1.1	4.3.1	MIT + file LICENSE
gplots	3.1.3.1	4.3.2	GPL-2
graphics	4.3.3	4.3.3	Part of R 4.3.3
grDevices	4.3.3	4.3.3	Part of R 4.3.3
grid	4.3.3	4.3.3	Part of R 4.3.3
gridExtra	2.3	4.0.1	GPL (>= 2)
gtable	0.3.4	4.3.1	MIT + file LICENSE
gtools	3.9.5	4.3.2	GPL-2
haven	2.5.4	4.3.2	MIT + file LICENSE
here	1.0.1	4.1.1	MIT + file LICENSE
highr	0.10	4.2.2	GPL
hms	1.1.3	4.3.1	MIT + file LICENSE
htmltools	0.5.7	4.3.2	GPL (>= 2)
htmlwidgets	1.6.4	4.3.2	MIT + file LICENSE
httpuv	1.6.14	4.3.3	GPL (>= 2) | file LICENSE
httr	1.4.7	4.3.1	MIT + file LICENSE
ica	1.0-3	4.2.1	GPL (>= 2)
ids	1.0.1	4.1.1	MIT + file LICENSE
igraph	1.6.0	4.3.2	GPL (>= 2)
IRanges	2.36.0	4.3.2	Artistic-2.0
irlba	2.3.5.1	4.3.2	GPL-3
isoband	0.2.7	4.2.2	MIT + file LICENSE
iterators	1.0.14	4.1.2	Apache License (== 2.0)
jquerylib	0.1.4	4.2.2	MIT + file LICENSE
jsonlite	1.8.8	4.3.2	MIT + file LICENSE
KEGGREST	1.42.0	4.3.2	Artistic-2.0
KernSmooth	2.23-22	4.3.3	Unlimited
knitr	1.45	4.3.2	GPL
labeling	0.4.3	4.3.1	MIT + file LICENSE | Unlimited
lambda.r	1.2.4	4.0.1	LGPL-3
later	1.3.2	4.3.2	MIT + file LICENSE
lattice	0.22-5	4.3.3	GPL (>= 2)
lazyeval	0.2.2	4.0.1	GPL-3
leiden	0.4.3.1	4.3.2	GPL-3 | file LICENSE
lifecycle	1.0.4	4.3.2	MIT + file LICENSE
listenv	0.9.1	4.3.2	LGPL (>= 2.1)
littler	0.3.19	4.3.2	GPL (>= 2)
lmtest	0.9-40	4.2.0	GPL-2 | GPL-3
lubridate	1.9.3	4.3.1	GPL (>= 2)
magrittr	2.0.3	4.1.2	MIT + file LICENSE
MASS	7.3-60.0.1	4.3.2	GPL-2 | GPL-3
Matrix	1.6-5	4.3.2	GPL (>= 2) | file LICENCE
matrixStats	1.2.0	4.3.2	Artistic-2.0
memoise	2.0.1	4.1.2	MIT + file LICENSE
methods	4.3.3	4.3.3	Part of R 4.3.3
mgcv	1.9-1	4.3.2	GPL (>= 2)
mime	0.12	4.1.1	GPL
miniUI	0.1.1.1	4.0.1	GPL-3
modelr	0.1.11	4.3.1	GPL-3
munsell	0.5.0	4.0.1	MIT + file LICENSE
nlme	3.1-164	4.3.3	GPL (>= 2)
openssl	2.1.1	4.3.3	MIT + file LICENSE
openxlsx	4.2.5.2	4.2.2	MIT + file LICENSE
org.Hs.eg.db	3.18.0	4.3.2	Artistic-2.0
parallel	4.3.3	4.3.3	Part of R 4.3.3
parallelly	1.37.1	4.3.3	LGPL (>= 2.1)
patchwork	1.2.0	4.3.2	MIT + file LICENSE
pbapply	1.7-2	4.3.1	GPL (>= 2)
pheatmap	1.0.12	4.0.1	GPL-2
pillar	1.9.0	4.3.0	MIT + file LICENSE
pkgconfig	2.0.3	4.0.1	MIT + file LICENSE
pkgKitten	0.2.3	4.2.2	GPL (>= 2)
plogr	0.2.0	4.0.1	MIT + file LICENSE
plotly	4.10.4	4.3.2	MIT + file LICENSE
plyr	1.8.9	4.3.1	MIT + file LICENSE
png	0.1-8	4.3.3	GPL-2 | GPL-3
polyclip	1.10-6	4.3.1	BSL
prettyunits	1.2.0	4.3.1	MIT + file LICENSE
processx	3.8.3	4.3.2	MIT + file LICENSE
progress	1.2.3	4.3.2	MIT + file LICENSE
progressr	0.14.0	4.3.1	GPL (>= 3)
promises	1.2.1	4.3.1	MIT + file LICENSE
ps	1.7.6	4.3.2	MIT + file LICENSE
purrr	1.0.2	4.3.1	MIT + file LICENSE
R6	2.5.1	4.1.1	MIT + file LICENSE
ragg	1.2.7	4.3.3	MIT + file LICENSE
RANN	2.6.1	4.0.1	GPL (>= 3)
rappdirs	0.3.3	4.0.3	MIT + file LICENSE
RColorBrewer	1.1-3	4.2.0	Apache License 2.0
Rcpp	1.0.12	4.3.2	GPL (>= 2)
RcppAnnoy	0.0.22	4.3.2	GPL (>= 2)
RcppArmadillo	0.12.8.1.0	4.3.3	GPL (>= 2)
RcppEigen	0.3.4.0.0	4.3.3	GPL (>= 2) | file LICENSE
RcppHNSW	0.5.0	4.3.1	GPL (>= 3)
RcppProgress	0.4.2	4.0.1	GPL (>= 3)
RcppTOML	0.2.2	4.2.2	GPL (>= 2)
RCurl	1.98-1.14	4.3.3	BSD_3_clause + file LICENSE
readr	2.1.5	4.3.2	MIT + file LICENSE
readxl	1.4.3	4.3.1	MIT + file LICENSE
rematch	2.0.0	4.3.1	MIT + file LICENSE
rematch2	2.1.2	4.0.1	MIT + file LICENSE
reprex	2.1.0	4.3.2	MIT + file LICENSE
reshape2	1.4.4	4.0.1	MIT + file LICENSE
reticulate	1.35.0	4.3.2	Apache License 2.0
rjson	0.2.21	4.1.2	GPL-2
rlang	1.1.3	4.3.2	MIT + file LICENSE
rmarkdown	2.25	4.3.2	GPL-3
ROCR	1.0-11	4.0.1	GPL (>= 2)
rprojroot	2.0.4	4.3.2	MIT + file LICENSE
RSpectra	0.16-1	4.2.0	MPL (>= 2)
RSQLite	2.3.4	4.3.2	LGPL (>= 2.1)
rstudioapi	0.15.0	4.3.1	MIT + file LICENSE
Rtsne	0.17	4.3.2	file LICENSE
rvest	1.0.3	4.2.1	MIT + file LICENSE
S4Vectors	0.40.2	4.3.2	Artistic-2.0
sass	0.4.8	4.3.2	MIT + file LICENSE
scales	1.3.0	4.3.2	MIT + file LICENSE
scattermore	1.2	4.3.1	GPL (>= 3)
sctransform	0.4.1	4.3.2	GPL-3 | file LICENSE
selectr	0.4-2	4.0.1	BSD_3_clause + file LICENCE
Seurat	5.0.1	4.3.2	MIT + file LICENSE
SeuratObject	5.0.1	4.3.2	MIT + file LICENSE
shape	1.4.6	4.1.1	GPL (>= 3)
shiny	1.8.0	4.3.2	GPL-3 | file LICENSE
shinyjs	2.1.0	4.1.2	MIT + file LICENSE
sitmo	2.0.2	4.1.1	MIT + file LICENSE
snow	0.4-4	4.1.2	GPL
sourcetools	0.1.7-1	4.2.2	MIT + file LICENSE
sp	2.1-2	4.3.2	GPL (>= 2)
spam	2.10-0	4.3.1	LGPL-2 | BSD_3_clause + file LICENSE
spatstat.data	3.0-4	4.3.2	GPL (>= 2)
spatstat.explore	3.2-5	4.3.1	GPL (>= 2)
spatstat.geom	3.2-8	4.3.2	GPL (>= 2)
spatstat.random	3.2-2	4.3.2	GPL (>= 2)
spatstat.sparse	3.0-3	4.3.1	GPL (>= 2)
spatstat.utils	3.0-4	4.3.1	GPL (>= 2)
splines	4.3.3	4.3.3	Part of R 4.3.3
stats	4.3.3	4.3.3	Part of R 4.3.3
stats4	4.3.3	4.3.3	Part of R 4.3.3
stringi	1.8.3	4.3.2	file LICENSE
stringr	1.5.1	4.3.2	MIT + file LICENSE
survival	3.5-8	4.3.2	LGPL (>= 2)
sys	3.4.2	4.3.1	MIT + file LICENSE
systemfonts	1.0.5	4.3.1	MIT + file LICENSE
tcltk	4.3.3	4.3.3	Part of R 4.3.3
tensor	1.5	4.0.1	GPL (>= 2)
textshaping	0.3.7	4.3.1	MIT + file LICENSE
tibble	3.2.1	4.3.1	MIT + file LICENSE
tidyr	1.3.1	4.3.2	MIT + file LICENSE
tidyselect	1.2.0	4.2.2	MIT + file LICENSE
tidyverse	2.0.0	4.3.1	MIT + file LICENSE
timechange	0.3.0	4.3.2	GPL (>= 3)
tinytex	0.49	4.3.2	MIT + file LICENSE
tools	4.3.3	4.3.3	Part of R 4.3.3
tzdb	0.4.0	4.3.1	MIT + file LICENSE
utf8	1.2.4	4.3.1	Apache License (== 2.0) | file LICENSE
utils	4.3.3	4.3.3	Part of R 4.3.3
uuid	1.2-0	4.3.2	MIT + file LICENSE
uwot	0.1.16	4.3.1	GPL (>= 3)
vctrs	0.6.5	4.3.2	MIT + file LICENSE
VennDiagram	1.7.3	4.2.0	GPL-2
viridisLite	0.4.2	4.3.1	MIT + file LICENSE
vroom	1.6.5	4.3.2	MIT + file LICENSE
withr	2.5.0	4.1.2	MIT + file LICENSE
xfun	0.41	4.3.2	MIT + file LICENSE
xml2	1.3.6	4.3.2	MIT + file LICENSE
xtable	1.8-4	4.0.1	GPL (>= 2)
XVector	0.42.0	4.3.2	Artistic-2.0
yaml	2.3.8	4.3.2	BSD_3_clause + file LICENSE
zip	2.3.1	4.3.2	MIT + file LICENSE
zlibbioc	1.48.0	4.3.2	Artistic-2.0 + file LICENSE
zoo	1.8-12	4.3.1	GPL-2 | GPL-3
