supplied_Tcell_id,corresponding_cytokine_id
"CAND1,11",CAND1.11
"CH17-125A10,2",CH17-125A10.2
"CH507-145C22,1",CH507-145C22.1
"CH507-42P11,6",CH507-42P11.6
"CH507-9B2,8",CH507-9B2.8
"CTB-1I21,1",CTB-1I21.1
"CTB-30L5,1",CTB-30L5.1
"CTB-3M24,3",CTB-3M24.3
"CTB-49A3,2",CTB-49A3.2
"CTB-99A3,1",CTB-99A3.1
"CTC-338M12,4",CTC-338M12.4
"CTD-2154B17,1",CTD-2154B17.1
"CTD-2194D22,4",CTD-2194D22.4
"CTD-2350J17,1",CTD-2350J17.1
"GS1-204I12,4",GS1-204I12.4
"GS1-24F4,2",GS1-24F4.2
"GS1-24F4,2_1",GS1-24F4.2_1
"GS1-278J22,2",GS1-278J22.2
"GS1-279B7,1",GS1-279B7.1
"GS1-594A7,3",GS1-594A7.3
"GS1-600G8,3",GS1-600G8.3
"HGC6,3",HGC6.3
"LL0XNC01-250H12,3",LL0XNC01-250H12.3
"LL21NC02-21A1,1",LL21NC02-21A1.1
"LL21NC02-21A1,1_1",LL21NC02-21A1.1_1
"LL22NC01-81G9,3",LL22NC01-81G9.3
"LL22NC03-102D1,18",LL22NC03-102D1.18
"LL22NC03-13G6,2",LL22NC03-13G6.2
"LL22NC03-63E9,3",LL22NC03-63E9.3
"LL22NC03-63E9,3_1",LL22NC03-63E9.3_1
"UC,134",UC.134
