package_reference_id,doi,revised_manuscript_number,status,manuscript_version
Reference1,10.1038/s41419-024-06461-8,1,Cited in revised manuscript,2026-10-08
Reference2,10.1016/bs.mcb.2025.03.021,2,Cited in revised manuscript,2026-10-08
Reference3,10.3390/ijms20061283,3,Cited in revised manuscript,2026-10-08
Reference4,10.1016/j.medj.2022.05.001,4,Cited in revised manuscript,2026-10-08
Reference5,10.1038/s41586-022-04585-5,5,Cited in revised manuscript,2026-10-08
Reference6,10.1038/s43018-023-00570-7,6,Cited in revised manuscript,2026-10-08
Reference7,10.1002/cti2.1519,7,Cited in revised manuscript,2026-10-08
Reference8,10.1038/s41419-023-05727-x,8,Cited in revised manuscript,2026-10-08
Reference9,10.1016/j.cell.2022.03.030,9,Cited in revised manuscript,2026-10-08
Reference10,10.1073/pnas.0914878107,10,Cited in revised manuscript,2026-10-08
Reference11,10.1126/science.1206727,11,Cited in revised manuscript,2026-10-08
Reference12,10.1093/emboj/17.6.1675,12,Cited in revised manuscript,2026-10-08
Reference13,10.1016/j.cell.2020.11.025,13,Cited in revised manuscript,2026-10-08
Reference14,10.1083/jcb.202305026,14,Cited in revised manuscript,2026-10-08
Reference15,10.4049/immunohorizons.2100059,15,Cited in revised manuscript,2026-10-08
Reference16,10.1016/j.csbj.2021.07.038,16,Cited in revised manuscript,2026-10-08
Reference17,10.1038/s41417-024-00765-9,17,Cited in revised manuscript,2026-10-08
Reference18,10.1038/nature09852,18,Cited in revised manuscript,2026-10-08
Reference19,10.1016/j.cell.2011.11.031,19,Cited in revised manuscript,2026-10-08
Reference20,10.1016/j.molcel.2014.03.003,20,Cited in revised manuscript,2026-10-08
Reference21,10.1016/j.cell.2017.06.010,21,Cited in revised manuscript,2026-10-08
Reference22,10.1038/s41586-019-1103-9,,Package background source; not cited in revised manuscript,2026-10-08
Reference23,10.1038/s43018-019-0018-6,,Package background source; not cited in revised manuscript,2026-10-08
Reference24,10.1093/nar/gkaf388,34,Cited in revised manuscript,2026-10-08
Reference25,10.1126/science.1203486,46,Cited in revised manuscript,2026-10-08
Reference26,10.1038/nature06309,47,Cited in revised manuscript,2026-10-08
Reference27,10.1056/NEJMoa1604958,48,Cited in revised manuscript,2026-10-08
Reference28,10.1038/s41467-017-01062-w,49,Cited in revised manuscript,2026-10-08
Reference29,10.1158/2159-8290.CD-17-0593,50,Cited in revised manuscript,2026-10-08
Reference30,10.1038/nature23477,42,Cited in revised manuscript,2026-10-08
Reference31,10.1038/nature23270,51,Cited in revised manuscript,2026-10-08
Reference32,10.1016/j.cell.2021.01.002,52,Cited in revised manuscript,2026-10-08
Reference33,10.1056/NEJMoa1709866,,Package background source; not cited in revised manuscript,2026-10-08
Reference34,10.1056/NEJMoa1707447,,Package background source; not cited in revised manuscript,2026-10-08
Reference35,10.1038/s41591-024-03037-z,53,Cited in revised manuscript,2026-10-08
Reference36,10.1038/s41586-022-04489-4,54,Cited in revised manuscript,2026-10-08
Reference37,10.1016/j.devcel.2023.07.025,,Package background source; not cited in revised manuscript,2026-10-08
Reference38,10.1158/2159-8290.CD-20-0756,,Package background source; not cited in revised manuscript,2026-10-08
Reference39,10.1038/cdd.2009.73,,Package background source; not cited in revised manuscript,2026-10-08
Reference40,10.1084/jem.188.11.2033,,Package background source; not cited in revised manuscript,2026-10-08
Reference41,10.1007/s10495-024-02000-0,,Package background source; not cited in revised manuscript,2026-10-08
Reference42,10.1021/acsmedchemlett.5b00011,,Package background source; not cited in revised manuscript,2026-10-08
Reference43,10.1016/j.cell.2016.11.022,55,Cited in revised manuscript,2026-10-08
Reference44,10.1038/cr.2015.56,56,Cited in revised manuscript,2026-10-08
Reference45,10.1126/science.aad0395,57,Cited in revised manuscript,2026-10-08
Reference46,10.1016/j.celrep.2016.03.037,58,Cited in revised manuscript,2026-10-08
Reference47,10.1038/nri.2016.107,59,Cited in revised manuscript,2026-10-08
Reference48,10.1038/nature22393,60,Cited in revised manuscript,2026-10-08
Reference49,10.1038/s41586-020-2071-9,61,Cited in revised manuscript,2026-10-08
MethodSeashoreLudlow2015,10.1158/2159-8290.cd-15-0235,24,Cited in revised manuscript,2026-10-08
MethodRees2016,10.1038/nchembio.1986,25,Cited in revised manuscript,2026-10-08
MethodBasu2013,10.1016/j.cell.2013.08.003,23,Cited in revised manuscript,2026-10-08
MethodLiberzon2015,10.1016/j.cels.2015.12.004,31,Cited in revised manuscript,2026-10-08
MethodSubramanian2005,10.1073/pnas.0506580102,30,Cited in revised manuscript,2026-10-08
MethodHao2024,10.1038/s41587-023-01767-y,33,Cited in revised manuscript,2026-10-08
MethodKorotkevich2021,10.1101/060012,32,Cited in revised manuscript,2026-10-08
MethodGhandi2019,10.1038/s41586-019-1186-3,22,Cited in revised manuscript,2026-10-08
MethodGeneOntology2023,10.1093/genetics/iyad031,28,Cited in revised manuscript,2026-10-08
MethodKanehisa2025,10.1093/nar/gkae909,29,Cited in revised manuscript,2026-10-08
