original_number,doi,pmid,doi_record_match,title_record_match,metadata_source,checked_on
1,10.1038/s41419-024-06461-8,38307835,True,True,https://europepmc.org/article/MED/38307835,2026-10-04
2,10.1016/bs.mcb.2025.03.021,41620283,True,True,https://europepmc.org/article/MED/41620283,2026-10-04
3,10.3390/ijms20061283,30875739,True,True,https://europepmc.org/article/MED/30875739,2026-10-04
4,10.1016/j.medj.2022.05.001,35963235,True,True,https://europepmc.org/article/MED/35963235,2026-10-04
5,10.1038/s41586-022-04585-5,35418687,True,True,https://europepmc.org/article/MED/35418687,2026-10-04
6,10.1038/s43018-023-00570-7,37248395,True,True,https://europepmc.org/article/MED/37248395,2026-10-04
7,10.1002/cti2.1519,38975278,True,True,https://europepmc.org/article/MED/38975278,2026-10-04
8,10.1038/s41419-023-05727-x,37055388,True,True,https://europepmc.org/article/MED/37055388,2026-10-04
9,10.1016/j.cell.2022.03.030,35447071,True,True,https://europepmc.org/article/MED/35447071,2026-10-04
10,10.1073/pnas.0914878107,20615979,True,True,https://europepmc.org/article/MED/20615979,2026-10-04
11,10.1126/science.1206727,22033517,True,True,https://europepmc.org/article/MED/22033517,2026-10-04
12,10.1093/emboj/17.6.1675,9501089,True,True,https://europepmc.org/article/MED/9501089,2026-10-04
13,10.1016/j.cell.2020.11.025,33278357,True,True,https://europepmc.org/article/MED/33278357,2026-10-04
14,10.1083/jcb.202305026,38319288,True,True,https://europepmc.org/article/MED/38319288,2026-10-04
15,10.4049/immunohorizons.2100059,34290111,True,True,https://europepmc.org/article/MED/34290111,2026-10-04
16,10.1016/j.csbj.2021.07.038,34504660,True,True,https://europepmc.org/article/MED/34504660,2026-10-04
17,10.1038/s41417-024-00765-9,38553639,True,True,https://europepmc.org/article/MED/38553639,2026-10-04
18,10.1038/nature09852,21368763,True,True,https://europepmc.org/article/MED/21368763,2026-10-04
19,10.1016/j.cell.2011.11.031,22265413,True,True,https://europepmc.org/article/MED/22265413,2026-10-04
20,10.1016/j.molcel.2014.03.003,24703947,True,True,https://europepmc.org/article/MED/24703947,2026-10-04
21,10.1016/j.cell.2017.06.010,28753430,True,True,https://europepmc.org/article/MED/28753430,2026-10-04
22,10.1038/s41586-019-1103-9,30971826,True,True,https://europepmc.org/article/MED/30971826,2026-10-04
23,10.1038/s43018-019-0018-6,32613204,True,True,https://europepmc.org/article/MED/32613204,2026-10-04
24,10.1093/nar/gkaf388,40337924,True,True,https://europepmc.org/article/MED/40337924,2026-10-04
25,10.1126/science.1203486,21436444,True,True,https://europepmc.org/article/MED/21436444,2026-10-04
26,10.1038/nature06309,18026089,True,True,https://europepmc.org/article/MED/18026089,2026-10-04
27,10.1056/NEJMoa1604958,27433843,True,True,https://europepmc.org/article/MED/27433843,2026-10-04
28,10.1038/s41467-017-01062-w,29070816,True,True,https://europepmc.org/article/MED/29070816,2026-10-04
29,10.1158/2159-8290.CD-17-0593,29025772,True,True,https://europepmc.org/article/MED/29025772,2026-10-04
30,10.1038/nature23477,28783722,True,True,https://europepmc.org/article/MED/28783722,2026-10-04
31,10.1038/nature23270,28723893,True,True,https://europepmc.org/article/MED/28723893,2026-10-04
32,10.1016/j.cell.2021.01.002,33508232,True,True,https://europepmc.org/article/MED/33508232,2026-10-04
33,10.1056/NEJMoa1709866,29385370,True,True,https://europepmc.org/article/MED/29385370,2026-10-04
34,10.1056/NEJMoa1707447,29226797,True,True,https://europepmc.org/article/MED/29226797,2026-10-04
35,10.1038/s41591-024-03037-z,38830992,True,True,https://europepmc.org/article/MED/38830992,2026-10-04
36,10.1038/s41586-022-04489-4,35130560,True,True,https://europepmc.org/article/MED/35130560,2026-10-04
37,10.1016/j.devcel.2023.07.025,37625403,True,True,https://europepmc.org/article/MED/37625403,2026-10-04
38,10.1158/2159-8290.CD-20-0756,33334730,True,True,https://europepmc.org/article/MED/33334730,2026-10-04
39,10.1038/cdd.2009.73,20062068,True,True,https://europepmc.org/article/MED/20062068,2026-10-04
40,10.1084/jem.188.11.2033,9841917,True,True,https://europepmc.org/article/MED/9841917,2026-10-04
41,10.1007/s10495-024-02000-0,39068622,True,True,https://europepmc.org/article/MED/39068622,2026-10-04
42,10.1021/acsmedchemlett.5b00011,26288684,True,True,https://europepmc.org/article/MED/26288684,2026-10-04
43,10.1016/j.cell.2016.11.022,27912061,True,True,https://europepmc.org/article/MED/27912061,2026-10-04
44,10.1038/cr.2015.56,25952668,True,True,https://europepmc.org/article/MED/25952668,2026-10-04
45,10.1126/science.aad0395,26405229,True,True,https://europepmc.org/article/MED/26405229,2026-10-04
46,10.1016/j.celrep.2016.03.037,27050509,True,True,https://europepmc.org/article/MED/27050509,2026-10-04
47,10.1038/nri.2016.107,27748397,True,True,https://europepmc.org/article/MED/27748397,2026-10-04
48,10.1038/nature22393,28459430,True,True,https://europepmc.org/article/MED/28459430,2026-10-04
49,10.1038/s41586-020-2071-9,32188940,True,True,https://europepmc.org/article/MED/32188940,2026-10-04
